id,first_name,last_name,email
1,John,Doe,john.doe@example.com
2,Jane,Smith,jane.smith@example.com
3,David,Lee,david.lee@example.com
4,Sarah,Wilson,sarah.wilson@example.com
5,Michael,Brown,michael.brown@example.com
6,Emily,Davis,emily.davis@example.com
7,Jessica,Garcia,jessica.garcia@example.com
8,Ashley,Rodriguez,ashley.rodriguez@example.com
9,Christopher,Williams,christopher.williams@example.com
10,Brian,Martinez,brian.martinez@example.com
11,Kevin,Anderson,kevin.anderson@example.com
12,Amanda,Taylor,amanda.taylor@example.com
13,Melissa,Thomas,melissa.thomas@example.com
14,Stephanie,Hernandez,stephanie.hernandez@example.com
15,Jason,Moore,jason.moore@example.com
16,Timothy,Martin,timothy.martin@example.com
17,Matthew,Jackson,matthew.jackson@example.com
18,Rebecca,Thompson,rebecca.thompson@example.com
19,Sharon,White,sharon.white@example.com
20,Laura,Lopez,laura.lopez@example.com
21,Cynthia,Harris,cynthia.harris@example.com
22,Angela,Clark,angela.clark@example.com
23,Michelle,Lewis,michelle.lewis@example.com
24,Kimberly,Robinson,kimberly.robinson@example.com
25,Deborah,Walker,deborah.walker@example.com
26,Elizabeth,Perez,elizabeth.perez@example.com
27,Donna,Hall,donna.hall@example.com
28,Carol,Young,carol.young@example.com
29,Kathleen,Allen,kathleen.allen@example.com
30,Sandra,Sanchez,sandra.sanchez@example.com
31,Pamela,Wright,pamela.wright@example.com
32,Nicole,King,nicole.king@example.com
33,Ruth,Scott,ruth.scott@example.com
34,Christine,Green,christine.green@example.com
35,Rachel,Baker,rachel.baker@example.com
36,Carolyn,Adams,carolyn.adams@example.com
37,Virginia,Nelson,virginia.nelson@example.com
38,Maria,Hill,maria.hill@example.com
39,Janet,Ramirez,janet.ramirez@example.com
40,Catherine,Campbell,catherine.campbell@example.com
41,Brenda,Mitchell,brenda.mitchell@example.com
42,Helen,Roberts,helen.roberts@example.com
43,Dorothy,Carter,dorothy.carter@example.com
44,Gloria,Phillips,gloria.phillips@example.com
45,Marilyn,Evans,marilyn.evans@example.com
46,Theresa,Turner,theresa.turner@example.com
47,Martha,Parker,martha.parker@example.com
48,Debra,Collins,debra.collins@example.com
49,Anna,Edwards,anna.edwards@example.com
50,Frances,Stewart,frances.stewart@example.com
51,Shirley,Flores,shirley.flores@example.com
52,Joyce,Morris,joyce.morris@example.com
53,Diane,Nguyen,diane.nguyen@example.com
54,Alice,Murphy,alice.murphy@example.com
55,Julie,Rivera,julie.rivera@example.com
56,Heather,Cook,heather.cook@example.com
57,Joan,Rogers,joan.rogers@example.com
58,Evelyn,Morgan,evelyn.morgan@example.com
59,Kelly,Peterson,kelly.peterson@example.com
60,Denise,Cooper,denise.cooper@example.com
61,Ann,Reed,ann.reed@example.com
62,Tammy,Bailey,tammy.bailey@example.com
63,Beverly,Bell,beverly.bell@example.com
64,Irene,Gomez,irene.gomez@example.com
65,Barbara,Kelly,barbara.kelly@example.com
66,Victoria,Howard,victoria.howard@example.com
67,Katherine,Ward,katherine.ward@example.com
68,Cheryl,Cox,cheryl.cox@example.com
69,Margaret,Diaz,margaret.diaz@example.com
70,Doris,Richardson,doris.richardson@example.com
71,Marie,Wood,marie.wood@example.com
72,Jacqueline,Watson,jacqueline.watson@example.com
73,Kathryn,Brooks,kathryn.brooks@example.com
74,Betty,Bennett,betty.bennett@example.com
75,Olivia,Gray,olivia.gray@example.com
76,Sarah,James,sarah.james@example.com
77,Ashley,Reyes,ashley.reyes@example.com
78,Kimberly,Cruz,kimberly.cruz@example.com
79,Emily,Hughes,emily.hughes@example.com
80,Jessica,Price,jessica.price@example.com
81,Amanda,Myers,amanda.myers@example.com
82,Melissa,Long,melissa.long@example.com
83,Stephanie,Foster,stephanie.foster@example.com
84,Nicole,Sanders,nicole.sanders@example.com
85,Rebecca,Ross,rebecca.ross@example.com
86,Michelle,Morales,michelle.morales@example.com
87,Cynthia,Powell,cynthia.powell@example.com
88,Laura,Sullivan,laura.sullivan@example.com
89,Angela,Russell,angela.russell@example.com
90,Mary,Ortiz,mary.ortiz@example.com
91,Patricia,Jenkins,patricia.jenkins@example.com
92,Jennifer,Gutierrez,jennifer.gutierrez@example.com
93,Linda,Perry,linda.perry@example.com
94,Elizabeth,Butler,elizabeth.butler@example.com
95,Barbara,Barnes,barbara.barnes@example.com
96,Susan,Fisher,susan.fisher@example.com
97,Juanita,Henderson,juanita.henderson@example.com
98,Martha,Coleman,martha.coleman@example.com
99,Debra,Simmons,debra.simmons@example.com
100,Carolyn,Patterson,carolyn.patterson@example.com